<?xml version="1.0" encoding="utf-8"?>
<Server port="8092" shutdown="SHUTDOWN">
        <!--Listener className="org.apache.catalina.core.JasperListener" /-->
        <Listener className="org.apache.catalina.core.JreMemoryLeakPreventionListener" />
        <Listener className="org.apache.catalina.mbeans.GlobalResourcesLifecycleListener" />
        <Listener className="org.apache.catalina.core.ThreadLocalLeakPreventionListener" />

        <Service name="Catalina">
                <Executor name="tomcatThreadPool" namePrefix="catalina-exec-" maxThreads="1000" minSpareThreads="1"/>

                <Connector executor="tomcatThreadPool" port="8082" protocol="HTTP/1.1"  maxHttpHeaderSize="8192" useBodyEncodingForURI="true"
                        maxThreads="1000" enableLookups="false" redirectPort="8443" acceptCount="100"
                        connectionTimeout="20000" disableUploadTimeout="true" URIEncoding="UTF-8" address="10.206.2.180"/>

                <Engine name="Catalina" defaultHost="10.206.2.180">
                        <Host name="10.206.2.180"  appBase="webapps" unpackWARs="false" autoDeploy="false">
                                <Context path="/" docBase="/data/wwwroot/channel-data/" reloadable="false" crossContext="false" privileged="true"/>
" privileged="true"/>
                        </Host>
                </Engine>
        </Service>
</Server>
