<?xml version="1.0" encoding="utf-8"?>
<Server port="9001" shutdown="SHUTDOWN">
  <Listener className="org.apache.catalina.core.AprLifecycleListener" SSLEngine="off" />
  <!--Listener className="org.apache.catalina.core.JasperListener" /-->
  <Listener className="org.apache.catalina.core.JreMemoryLeakPreventionListener" />
  <Listener className="org.apache.catalina.mbeans.GlobalResourcesLifecycleListener" />
  <Listener className="org.apache.catalina.core.ThreadLocalLeakPreventionListener" />

  <Service name="Catalina">
    <Executor name="tomcatThreadPool" namePrefix="catalina-exec-" maxThreads="2048" minSpareThreads="256"/>

  <Connector	 executor="tomcatThreadPool" port="8001" protocol="org.apache.coyote.http11.Http11AprProtocol"  maxHttpHeaderSize="8192" useBodyEncodingForURI="true" acceptCount="4096" keepAliveTimeout="60000"  maxKeepAliveRequests="256" enableLookups="false" connectionTimeout="20000" disableUploadTimeout="true" URIEncoding="UTF-8" address="localhost"/>
               
     
    
    <Engine name="Catalina" defaultHost="localhost">
    
		 <!--Cluster className="org.apache.catalina.ha.tcp.SimpleTcpCluster"
                 channelSendOptions="8">

          <Manager className="org.apache.catalina.ha.session.DeltaManager"
                   expireSessionsOnShutdown="false"
                   notifyListenersOnReplication="true"/>

          <Channel className="org.apache.catalina.tribes.group.GroupChannel">
            <Membership className="org.apache.catalina.tribes.membership.McastService"
                        address="228.0.0.101"
                        port="45564"
                        frequency="500"
                        dropTime="3000"/>
            <Receiver className="org.apache.catalina.tribes.transport.nio.NioReceiver"
                      address="10.171.246.32"
                      port="4000"
                      autoBind="100"
                      selectorTimeout="5000"
                      maxThreads="6"/>

            <Sender className="org.apache.catalina.tribes.transport.ReplicationTransmitter">
              <Transport className="org.apache.catalina.tribes.transport.nio.PooledParallelSender"/>
            </Sender>
            <Interceptor className="org.apache.catalina.tribes.group.interceptors.TcpFailureDetector"/>
            <Interceptor className="org.apache.catalina.tribes.group.interceptors.MessageDispatch15Interceptor"/>
          </Channel>

          <Valve className="org.apache.catalina.ha.tcp.ReplicationValve"
                 filter=""/>
          <Valve className="org.apache.catalina.ha.session.JvmRouteBinderValve"/>

          <ClusterListener className="org.apache.catalina.ha.session.ClusterSessionListener"/>
        </Cluster-->
    
      <Host name="localhost"  appBase="webapps" unpackWARs="false" autoDeploy="false">
            <Context path="/" docBase="/data/wwwroot/nubia_report" reloadable="false" crossContext="false" privileged="true" workDir="work/nubia_report_8001"/>
            <!--Valve className="org.apache.catalina.valves.RemoteAddrValve" allow="10\..*" /-->
            <!--Valve className="org.apache.catalina.valves.AccessLogValve" directory="/data/logs/tomcat-8.0.11/"
                            prefix="open.nubia.cn_8002_access_log" suffix=".txt"
                                           pattern="%h %l %u %t &quot;%r&quot; %s %b" /-->
      </Host>
    </Engine>
  </Service>
</Server>
